FedEx Ground Standard List Rates,,,,,,,,,,
"Effective 01/05/2009",,,,,,,,,,

Weight,US Ground,US Ground,US Ground,US Ground,US Ground,US Ground,US Ground,To Hawaii,To Puerto Rico,Intra Oahu,To Alaska,To Canada,To Canada,From Hawaii,From Hawaii,Intra Alaska,Alaska to US,Alaska to US
,Zone 2,Zone 3,Zone 4,Zone 5,Zone 6,Zone 7,Zone 8,Zone 9,Zone 10,Zone 14,Zone 17,Zone 51,Zone 54,Zone 92,Zone 96,Zone 22,Zone 23,Zone 25
1,$4.57 ,$4.70 ,$4.82 ,$5.01 ,$5.27 ,$5.36 ,$5.48 ,$16.88 ,$16.88 ,$4.32 ,$16.88 ,$11.30 ,$17.80 ,$6.74 ,$6.95 ,$4.32 ,$6.74 ,$6.95 
2,$4.65 ,$4.94 ,$5.38 ,$5.49 ,$5.88 ,$6.02 ,$6.31 ,$18.85 ,$18.85 ,$4.36 ,$18.85 ,$12.25 ,$18.80 ,$7.28 ,$7.48 ,$4.36 ,$7.28 ,$7.48 
3,$4.69 ,$5.17 ,$5.65 ,$5.84 ,$6.27 ,$6.47 ,$6.99 ,$20.59 ,$20.59 ,$4.39 ,$20.59 ,$12.95 ,$19.85 ,$8.56 ,$8.79 ,$4.39 ,$8.56 ,$8.79 
4,$4.82 ,$5.36 ,$5.93 ,$6.23 ,$6.62 ,$6.84 ,$7.45 ,$22.38 ,$22.38 ,$4.44 ,$22.38 ,$13.85 ,$20.85 ,$9.62 ,$10.16 ,$4.44 ,$9.62 ,$10.16 
5,$5.06 ,$5.44 ,$6.22 ,$6.50 ,$6.92 ,$7.20 ,$7.89 ,$24.47 ,$24.47 ,$4.47 ,$24.47 ,$14.80 ,$21.80 ,$10.95 ,$11.54 ,$4.49 ,$10.95 ,$11.54 
6,$5.21 ,$5.61 ,$6.32 ,$6.67 ,$7.05 ,$7.40 ,$8.11 ,$26.75 ,$26.75 ,$4.48 ,$26.75 ,$15.60 ,$22.70 ,$12.33 ,$12.97 ,$4.62 ,$12.33 ,$12.97 
7,$5.48 ,$5.78 ,$6.45 ,$6.86 ,$7.26 ,$7.62 ,$8.40 ,$28.66 ,$28.66 ,$4.54 ,$28.66 ,$16.35 ,$23.45 ,$13.66 ,$14.37 ,$4.79 ,$13.66 ,$14.37 
8,$5.70 ,$5.97 ,$6.62 ,$6.99 ,$7.50 ,$7.97 ,$8.93 ,$30.69 ,$30.69 ,$4.61 ,$30.69 ,$17.10 ,$24.40 ,$15.02 ,$15.84 ,$4.96 ,$15.02 ,$15.84 
9,$5.86 ,$6.15 ,$6.74 ,$7.17 ,$7.68 ,$8.40 ,$9.51 ,$32.92 ,$32.92 ,$4.69 ,$32.92 ,$17.90 ,$25.10 ,$16.34 ,$17.29 ,$5.13 ,$16.34 ,$17.29 
10,$6.06 ,$6.19 ,$6.87 ,$7.37 ,$8.01 ,$9.00 ,$10.15 ,$34.96 ,$34.96 ,$4.75 ,$34.96 ,$18.70 ,$26.00 ,$17.70 ,$18.74 ,$5.32 ,$17.70 ,$18.74 
11,$6.27 ,$6.48 ,$7.00 ,$7.53 ,$8.33 ,$9.63 ,$10.86 ,$37.08 ,$37.08 ,$4.81 ,$37.08 ,$19.35 ,$26.90 ,$19.03 ,$20.16 ,$5.49 ,$19.03 ,$20.16 
12,$6.45 ,$6.69 ,$7.16 ,$7.70 ,$8.71 ,$10.27 ,$11.65 ,$38.83 ,$38.83 ,$4.89 ,$38.83 ,$20.05 ,$27.90 ,$20.31 ,$21.56 ,$5.70 ,$20.31 ,$21.56 
13,$6.67 ,$6.91 ,$7.28 ,$7.88 ,$9.13 ,$10.93 ,$12.44 ,$40.54 ,$40.54 ,$4.95 ,$40.54 ,$20.75 ,$28.85 ,$21.51 ,$22.87 ,$5.88 ,$21.51 ,$22.87 
14,$6.81 ,$7.13 ,$7.43 ,$8.06 ,$9.64 ,$11.56 ,$13.24 ,$42.39 ,$42.39 ,$5.00 ,$42.39 ,$21.50 ,$29.85 ,$22.63 ,$24.21 ,$6.08 ,$22.63 ,$24.21 
15,$6.95 ,$7.35 ,$7.55 ,$8.25 ,$10.15 ,$12.21 ,$14.03 ,$44.03 ,$44.03 ,$5.04 ,$44.03 ,$22.30 ,$30.90 ,$23.77 ,$25.53 ,$6.27 ,$23.77 ,$25.53 
16,$7.06 ,$7.47 ,$7.67 ,$8.41 ,$10.54 ,$12.73 ,$14.69 ,$46.16 ,$46.16 ,$5.09 ,$46.16 ,$23.10 ,$31.90 ,$24.81 ,$26.74 ,$6.42 ,$24.81 ,$26.74 
17,$7.13 ,$7.71 ,$7.91 ,$8.76 ,$11.07 ,$13.36 ,$15.42 ,$48.04 ,$48.04 ,$5.15 ,$48.04 ,$23.95 ,$33.05 ,$26.01 ,$28.14 ,$6.62 ,$26.01 ,$28.14 
18,$7.23 ,$7.96 ,$8.16 ,$9.21 ,$11.61 ,$13.96 ,$16.20 ,$50.22 ,$50.22 ,$5.20 ,$50.22 ,$24.85 ,$34.10 ,$27.21 ,$29.52 ,$6.80 ,$27.21 ,$29.52 
19,$7.36 ,$8.22 ,$8.47 ,$9.63 ,$12.12 ,$14.57 ,$16.98 ,$52.26 ,$52.26 ,$5.26 ,$52.26 ,$25.70 ,$35.35 ,$28.40 ,$30.90 ,$7.01 ,$28.40 ,$30.90 
20,$7.51 ,$8.49 ,$8.77 ,$10.07 ,$12.65 ,$15.19 ,$17.77 ,$54.20 ,$54.20 ,$5.32 ,$54.20 ,$26.40 ,$36.45 ,$29.54 ,$32.31 ,$7.20 ,$29.54 ,$32.31 
21,$7.68 ,$8.76 ,$9.05 ,$10.50 ,$13.18 ,$15.79 ,$18.52 ,$55.65 ,$55.65 ,$5.37 ,$55.65 ,$27.20 ,$37.55 ,$30.58 ,$33.70 ,$7.40 ,$30.58 ,$33.70 
22,$7.86 ,$9.02 ,$9.37 ,$10.89 ,$13.71 ,$16.42 ,$19.32 ,$57.38 ,$57.38 ,$5.41 ,$57.38 ,$28.05 ,$38.75 ,$31.56 ,$35.01 ,$7.58 ,$31.56 ,$35.01 
23,$8.05 ,$9.29 ,$9.68 ,$11.29 ,$14.23 ,$17.02 ,$20.11 ,$59.12 ,$59.12 ,$5.46 ,$59.12 ,$28.90 ,$39.90 ,$32.55 ,$36.34 ,$7.79 ,$32.55 ,$36.34 
24,$8.23 ,$9.53 ,$10.00 ,$11.66 ,$14.77 ,$17.62 ,$20.89 ,$61.06 ,$61.06 ,$5.52 ,$61.06 ,$29.70 ,$40.95 ,$33.53 ,$37.67 ,$7.98 ,$33.53 ,$37.67 
25,$8.43 ,$9.79 ,$10.28 ,$12.01 ,$15.29 ,$18.22 ,$21.67 ,$62.99 ,$62.99 ,$5.57 ,$62.99 ,$30.45 ,$42.20 ,$34.61 ,$38.96 ,$8.21 ,$34.61 ,$38.96 
26,$8.65 ,$10.02 ,$10.59 ,$12.41 ,$15.86 ,$18.82 ,$22.45 ,$65.13 ,$65.13 ,$5.63 ,$65.13 ,$31.35 ,$43.30 ,$35.68 ,$40.23 ,$8.41 ,$35.68 ,$40.23 
27,$8.86 ,$10.25 ,$10.84 ,$12.79 ,$16.39 ,$19.43 ,$23.23 ,$66.95 ,$66.95 ,$5.70 ,$66.95 ,$32.10 ,$44.40 ,$36.70 ,$41.47 ,$8.63 ,$36.70 ,$41.47 
28,$9.04 ,$10.50 ,$11.18 ,$13.18 ,$16.92 ,$20.03 ,$24.04 ,$68.77 ,$68.77 ,$5.74 ,$68.77 ,$32.90 ,$45.50 ,$37.77 ,$42.74 ,$8.83 ,$37.77 ,$42.74 
29,$9.25 ,$10.70 ,$11.51 ,$13.56 ,$17.47 ,$20.63 ,$24.85 ,$70.70 ,$70.70 ,$5.79 ,$70.70 ,$33.65 ,$46.60 ,$38.83 ,$43.97 ,$9.05 ,$38.83 ,$43.97 
30,$9.47 ,$10.97 ,$11.86 ,$13.96 ,$18.03 ,$21.23 ,$25.65 ,$72.42 ,$72.42 ,$5.84 ,$72.42 ,$34.35 ,$47.75 ,$39.89 ,$45.23 ,$9.23 ,$39.89 ,$45.23 
31,$9.66 ,$11.19 ,$12.17 ,$14.34 ,$18.55 ,$21.83 ,$26.42 ,$74.24 ,$74.24 ,$5.90 ,$74.24 ,$35.15 ,$48.75 ,$40.95 ,$46.43 ,$9.43 ,$40.95 ,$46.43 
32,$9.74 ,$11.43 ,$12.50 ,$14.75 ,$19.08 ,$22.44 ,$27.22 ,$75.84 ,$75.84 ,$5.95 ,$75.84 ,$35.95 ,$49.90 ,$41.94 ,$47.53 ,$9.58 ,$41.94 ,$47.53 
33,$9.94 ,$11.69 ,$12.81 ,$15.15 ,$19.58 ,$23.04 ,$27.99 ,$77.45 ,$77.45 ,$5.99 ,$77.45 ,$36.70 ,$51.00 ,$42.91 ,$48.56 ,$9.74 ,$42.91 ,$48.56 
34,$10.08 ,$11.95 ,$13.12 ,$15.54 ,$20.11 ,$23.64 ,$28.77 ,$79.16 ,$79.16 ,$6.07 ,$79.16 ,$37.35 ,$52.05 ,$43.86 ,$49.52 ,$9.93 ,$43.86 ,$49.52 
35,$10.26 ,$12.23 ,$13.45 ,$15.93 ,$20.63 ,$24.24 ,$29.52 ,$81.11 ,$81.11 ,$6.13 ,$81.11 ,$38.25 ,$53.00 ,$44.69 ,$50.43 ,$10.10 ,$44.69 ,$50.43 
36,$10.44 ,$12.40 ,$13.74 ,$16.33 ,$21.14 ,$24.84 ,$30.22 ,$83.03 ,$83.03 ,$6.17 ,$83.03 ,$38.95 ,$54.10 ,$45.46 ,$51.27 ,$10.26 ,$45.46 ,$51.27 
37,$10.63 ,$12.68 ,$14.04 ,$16.72 ,$21.62 ,$25.44 ,$30.80 ,$84.95 ,$84.95 ,$6.23 ,$84.95 ,$39.80 ,$55.25 ,$46.24 ,$52.09 ,$10.43 ,$46.24 ,$52.09 
38,$10.79 ,$12.88 ,$14.36 ,$17.12 ,$22.10 ,$26.05 ,$31.38 ,$86.97 ,$86.97 ,$6.30 ,$86.97 ,$40.50 ,$56.20 ,$47.00 ,$52.93 ,$10.61 ,$47.00 ,$52.93 
39,$10.94 ,$13.13 ,$14.68 ,$17.50 ,$22.59 ,$26.65 ,$31.96 ,$88.69 ,$88.69 ,$6.34 ,$88.69 ,$41.25 ,$57.05 ,$47.79 ,$53.75 ,$10.75 ,$47.79 ,$53.75 
40,$11.05 ,$13.42 ,$15.00 ,$17.90 ,$23.07 ,$27.25 ,$32.54 ,$90.73 ,$90.73 ,$6.39 ,$90.73 ,$42.15 ,$58.05 ,$48.56 ,$54.68 ,$10.93 ,$48.56 ,$54.68 
41,$11.22 ,$13.64 ,$15.29 ,$18.30 ,$23.55 ,$27.85 ,$33.12 ,$92.66 ,$92.66 ,$6.47 ,$92.66 ,$42.85 ,$59.05 ,$49.35 ,$55.63 ,$11.07 ,$49.35 ,$55.63 
42,$11.40 ,$13.83 ,$15.59 ,$18.69 ,$24.00 ,$28.45 ,$33.70 ,$94.59 ,$94.59 ,$6.54 ,$94.59 ,$43.50 ,$59.95 ,$50.12 ,$56.61 ,$11.25 ,$50.12 ,$56.61 
43,$11.55 ,$14.08 ,$15.91 ,$19.09 ,$24.46 ,$29.06 ,$34.28 ,$96.52 ,$96.52 ,$6.61 ,$96.52 ,$44.30 ,$61.00 ,$50.86 ,$57.60 ,$11.39 ,$50.86 ,$57.60 
44,$11.69 ,$14.31 ,$16.17 ,$19.48 ,$24.89 ,$29.66 ,$34.85 ,$98.45 ,$98.45 ,$6.70 ,$98.45 ,$45.00 ,$61.95 ,$51.66 ,$58.56 ,$11.57 ,$51.66 ,$58.56 
45,$11.82 ,$14.57 ,$16.47 ,$19.87 ,$25.33 ,$30.26 ,$35.43 ,$100.37 ,$100.37 ,$6.78 ,$100.37 ,$45.70 ,$62.95 ,$52.43 ,$59.54 ,$11.71 ,$52.43 ,$59.54 
46,$11.95 ,$14.80 ,$16.71 ,$20.23 ,$25.72 ,$30.86 ,$36.01 ,$102.30 ,$102.30 ,$6.89 ,$102.30 ,$46.40 ,$63.85 ,$53.21 ,$60.51 ,$11.88 ,$53.21 ,$60.51 
47,$12.08 ,$14.97 ,$16.98 ,$20.61 ,$26.08 ,$31.46 ,$36.59 ,$104.24 ,$104.24 ,$7.00 ,$104.24 ,$47.15 ,$64.85 ,$54.00 ,$61.50 ,$12.03 ,$54.00 ,$61.50 
48,$12.21 ,$15.19 ,$17.24 ,$20.95 ,$26.46 ,$32.06 ,$37.17 ,$106.03 ,$106.03 ,$7.11 ,$106.03 ,$47.90 ,$65.85 ,$54.76 ,$62.46 ,$12.23 ,$54.76 ,$62.46 
49,$12.34 ,$15.38 ,$17.49 ,$21.32 ,$26.81 ,$32.67 ,$37.75 ,$107.87 ,$107.87 ,$7.24 ,$107.87 ,$48.70 ,$66.80 ,$55.54 ,$63.35 ,$12.42 ,$55.54 ,$63.35 
50,$12.46 ,$15.56 ,$17.73 ,$21.63 ,$27.15 ,$33.27 ,$38.33 ,$109.68 ,$109.68 ,$7.38 ,$109.68 ,$49.50 ,$67.75 ,$56.32 ,$64.19 ,$12.62 ,$56.32 ,$64.19 
51,$12.59 ,$15.70 ,$17.97 ,$21.96 ,$27.48 ,$33.84 ,$38.91 ,$111.51 ,$111.51 ,$7.51 ,$111.51 ,$51.00 ,$69.25 ,$57.02 ,$65.03 ,$12.79 ,$57.02 ,$65.03 
52,$12.72 ,$15.83 ,$18.19 ,$22.26 ,$27.82 ,$34.37 ,$39.49 ,$113.33 ,$113.33 ,$7.62 ,$113.33 ,$51.00 ,$69.25 ,$57.66 ,$65.86 ,$13.00 ,$57.66 ,$65.86 
53,$12.85 ,$16.00 ,$18.41 ,$22.55 ,$28.14 ,$34.79 ,$40.07 ,$115.04 ,$115.04 ,$7.78 ,$115.04 ,$52.40 ,$70.60 ,$58.30 ,$66.70 ,$13.18 ,$58.30 ,$66.70 
54,$12.98 ,$16.14 ,$18.65 ,$22.85 ,$28.48 ,$35.11 ,$40.65 ,$116.86 ,$116.86 ,$7.92 ,$116.86 ,$52.40 ,$70.60 ,$58.92 ,$67.51 ,$13.40 ,$58.92 ,$67.51 
55,$13.11 ,$16.28 ,$18.83 ,$23.18 ,$28.81 ,$35.37 ,$41.22 ,$118.68 ,$118.68 ,$8.06 ,$118.68 ,$53.70 ,$72.00 ,$59.56 ,$68.37 ,$13.59 ,$59.56 ,$68.37 
56,$13.23 ,$16.43 ,$19.04 ,$23.51 ,$29.14 ,$35.63 ,$41.80 ,$120.51 ,$120.51 ,$8.21 ,$120.51 ,$53.70 ,$72.00 ,$60.13 ,$69.12 ,$13.80 ,$60.13 ,$69.12 
57,$13.36 ,$16.60 ,$19.24 ,$23.85 ,$29.46 ,$35.90 ,$42.33 ,$122.44 ,$122.44 ,$8.33 ,$122.44 ,$54.80 ,$73.45 ,$60.67 ,$69.81 ,$13.98 ,$60.67 ,$69.81 
58,$13.49 ,$16.78 ,$19.46 ,$24.10 ,$29.79 ,$36.11 ,$42.75 ,$124.25 ,$124.25 ,$8.47 ,$124.25 ,$54.80 ,$73.45 ,$61.23 ,$70.52 ,$14.19 ,$61.23 ,$70.52 
59,$13.62 ,$16.96 ,$19.69 ,$24.33 ,$30.06 ,$36.32 ,$43.07 ,$126.17 ,$126.17 ,$8.63 ,$126.17 ,$56.00 ,$74.80 ,$61.82 ,$71.21 ,$14.37 ,$61.82 ,$71.21 
60,$13.75 ,$17.14 ,$19.91 ,$24.51 ,$30.31 ,$36.50 ,$43.33 ,$128.11 ,$128.11 ,$8.76 ,$128.11 ,$56.00 ,$74.80 ,$62.35 ,$71.91 ,$14.57 ,$62.35 ,$71.91 
61,$13.89 ,$17.30 ,$20.12 ,$24.79 ,$30.59 ,$36.71 ,$43.59 ,$129.70 ,$129.70 ,$8.89 ,$129.70 ,$57.00 ,$76.35 ,$62.93 ,$72.55 ,$14.75 ,$62.93 ,$72.55 
62,$13.99 ,$17.44 ,$20.30 ,$25.00 ,$30.81 ,$36.93 ,$43.86 ,$131.84 ,$131.84 ,$9.05 ,$131.84 ,$57.00 ,$76.35 ,$63.51 ,$73.16 ,$14.94 ,$63.51 ,$73.16 
63,$14.11 ,$17.61 ,$20.49 ,$25.21 ,$31.00 ,$37.17 ,$44.12 ,$133.97 ,$133.97 ,$9.16 ,$133.97 ,$58.05 ,$77.75 ,$64.07 ,$73.79 ,$15.14 ,$64.07 ,$73.79 
64,$14.23 ,$17.79 ,$20.70 ,$25.40 ,$31.22 ,$37.42 ,$44.38 ,$136.21 ,$136.21 ,$9.30 ,$136.21 ,$58.05 ,$77.75 ,$64.60 ,$74.39 ,$15.34 ,$64.60 ,$74.39 
65,$14.35 ,$17.99 ,$20.95 ,$25.57 ,$31.50 ,$37.62 ,$44.65 ,$138.45 ,$138.45 ,$9.46 ,$138.45 ,$58.85 ,$79.10 ,$65.14 ,$75.04 ,$15.54 ,$65.14 ,$75.04 
66,$14.46 ,$18.21 ,$21.18 ,$25.74 ,$31.82 ,$37.80 ,$44.97 ,$140.58 ,$140.58 ,$9.57 ,$140.58 ,$58.85 ,$79.10 ,$65.62 ,$75.65 ,$15.73 ,$65.62 ,$75.65 
67,$14.58 ,$18.40 ,$21.39 ,$25.89 ,$32.07 ,$37.98 ,$45.09 ,$142.71 ,$142.71 ,$9.72 ,$142.71 ,$59.80 ,$80.60 ,$66.12 ,$76.28 ,$15.93 ,$66.12 ,$76.28 
68,$14.70 ,$18.59 ,$21.59 ,$26.04 ,$32.24 ,$38.19 ,$45.19 ,$144.76 ,$144.76 ,$9.84 ,$144.76 ,$59.80 ,$80.60 ,$66.59 ,$76.92 ,$16.13 ,$66.59 ,$76.92 
69,$14.82 ,$18.77 ,$21.79 ,$26.19 ,$32.41 ,$38.40 ,$45.31 ,$146.87 ,$146.87 ,$10.00 ,$146.87 ,$60.70 ,$82.00 ,$67.10 ,$77.53 ,$16.32 ,$67.10 ,$77.53 
70,$14.93 ,$18.95 ,$22.01 ,$26.34 ,$32.55 ,$38.61 ,$45.42 ,$149.01 ,$149.01 ,$10.13 ,$149.01 ,$60.70 ,$82.00 ,$67.60 ,$78.15 ,$16.52 ,$67.60 ,$78.15 
71,$15.38 ,$19.36 ,$22.13 ,$26.62 ,$32.81 ,$38.72 ,$45.58 ,$151.57 ,$151.57 ,$10.27 ,$151.57 ,$61.60 ,$83.45 ,$68.07 ,$78.77 ,$16.70 ,$68.07 ,$78.77 
72,$16.18 ,$20.13 ,$22.50 ,$27.17 ,$33.36 ,$39.25 ,$45.79 ,$154.13 ,$154.13 ,$10.83 ,$154.13 ,$61.60 ,$83.45 ,$68.58 ,$79.40 ,$17.26 ,$68.58 ,$79.40 
73,$16.96 ,$20.83 ,$22.88 ,$27.68 ,$33.99 ,$39.93 ,$46.00 ,$156.69 ,$156.69 ,$11.39 ,$156.69 ,$62.55 ,$85.20 ,$69.07 ,$80.03 ,$17.83 ,$69.07 ,$80.03 
74,$17.75 ,$21.53 ,$23.56 ,$28.38 ,$34.59 ,$40.63 ,$46.21 ,$158.71 ,$158.71 ,$11.96 ,$158.71 ,$62.55 ,$85.20 ,$69.64 ,$80.64 ,$18.39 ,$69.64 ,$80.64 
75,$18.55 ,$22.26 ,$24.24 ,$29.11 ,$35.16 ,$41.36 ,$46.42 ,$160.53 ,$160.53 ,$12.51 ,$160.53 ,$63.45 ,$86.95 ,$70.26 ,$81.28 ,$18.96 ,$70.26 ,$81.28 
76,$19.25 ,$22.92 ,$24.83 ,$29.68 ,$35.68 ,$42.13 ,$46.63 ,$162.34 ,$162.34 ,$13.08 ,$162.34 ,$63.45 ,$86.95 ,$70.92 ,$81.91 ,$19.52 ,$70.92 ,$81.91 
77,$20.00 ,$23.57 ,$25.43 ,$30.27 ,$36.31 ,$42.91 ,$46.84 ,$164.16 ,$164.16 ,$13.63 ,$164.16 ,$64.20 ,$88.60 ,$71.52 ,$82.55 ,$20.09 ,$71.52 ,$82.55 
78,$20.71 ,$24.20 ,$26.01 ,$30.83 ,$36.94 ,$43.64 ,$47.18 ,$166.09 ,$166.09 ,$14.19 ,$166.09 ,$64.20 ,$88.60 ,$72.24 ,$83.15 ,$20.65 ,$72.24 ,$83.15 
79,$21.44 ,$24.86 ,$26.70 ,$31.53 ,$37.21 ,$44.01 ,$47.57 ,$166.28 ,$166.28 ,$14.75 ,$166.28 ,$65.00 ,$90.60 ,$72.97 ,$83.79 ,$21.22 ,$72.97 ,$83.79 
80,$22.23 ,$25.58 ,$27.38 ,$32.20 ,$37.83 ,$44.19 ,$47.96 ,$168.18 ,$168.18 ,$15.31 ,$168.18 ,$65.00 ,$90.60 ,$73.64 ,$84.41 ,$21.78 ,$73.64 ,$84.41 
81,$22.74 ,$26.12 ,$28.05 ,$32.67 ,$38.34 ,$44.80 ,$48.25 ,$170.09 ,$170.09 ,$15.86 ,$170.09 ,$65.65 ,$92.70 ,$74.36 ,$85.04 ,$22.34 ,$74.36 ,$85.04 
82,$23.51 ,$26.76 ,$28.73 ,$33.31 ,$38.83 ,$45.42 ,$48.80 ,$172.11 ,$172.11 ,$16.43 ,$172.11 ,$65.65 ,$92.70 ,$74.99 ,$85.66 ,$22.91 ,$74.99 ,$85.66 
83,$24.31 ,$27.31 ,$29.41 ,$33.97 ,$39.43 ,$46.03 ,$49.36 ,$174.00 ,$174.00 ,$16.99 ,$174.00 ,$66.45 ,$94.75 ,$75.62 ,$86.30 ,$23.48 ,$75.62 ,$86.30 
84,$25.11 ,$27.97 ,$30.05 ,$34.62 ,$40.03 ,$46.60 ,$49.92 ,$176.00 ,$176.00 ,$17.54 ,$176.00 ,$66.45 ,$94.75 ,$76.27 ,$86.91 ,$24.04 ,$76.27 ,$86.91 
85,$25.83 ,$28.65 ,$30.68 ,$35.27 ,$40.63 ,$47.11 ,$50.48 ,$178.02 ,$178.02 ,$18.11 ,$178.02 ,$67.05 ,$96.95 ,$76.90 ,$87.55 ,$24.61 ,$76.90 ,$87.55 
86,$26.63 ,$29.29 ,$31.34 ,$35.93 ,$41.21 ,$47.61 ,$51.04 ,$179.91 ,$179.91 ,$18.66 ,$179.91 ,$67.05 ,$96.95 ,$77.60 ,$88.15 ,$25.17 ,$77.60 ,$88.15 
87,$27.40 ,$29.98 ,$32.09 ,$36.57 ,$41.74 ,$48.11 ,$51.59 ,$181.93 ,$181.93 ,$19.22 ,$181.93 ,$67.85 ,$99.00 ,$78.29 ,$88.80 ,$25.72 ,$78.29 ,$88.80 
88,$28.26 ,$30.67 ,$32.74 ,$37.23 ,$42.29 ,$48.61 ,$52.17 ,$183.93 ,$183.93 ,$19.78 ,$183.93 ,$67.85 ,$99.00 ,$79.00 ,$89.39 ,$26.29 ,$79.00 ,$89.39 
89,$29.11 ,$31.35 ,$33.37 ,$37.87 ,$42.82 ,$49.12 ,$52.74 ,$185.85 ,$185.85 ,$20.34 ,$185.85 ,$68.65 ,$101.15 ,$79.65 ,$90.03 ,$26.86 ,$79.65 ,$90.03 
90,$29.97 ,$32.03 ,$34.02 ,$38.39 ,$43.36 ,$49.59 ,$53.29 ,$187.74 ,$187.74 ,$20.89 ,$187.74 ,$68.65 ,$101.15 ,$80.28 ,$90.65 ,$27.43 ,$80.28 ,$90.65 
91,$30.70 ,$32.74 ,$34.79 ,$39.05 ,$43.90 ,$50.09 ,$53.86 ,$189.75 ,$189.75 ,$21.47 ,$189.75 ,$69.25 ,$103.35 ,$80.91 ,$91.29 ,$27.99 ,$80.91 ,$91.29 
92,$31.45 ,$33.42 ,$35.43 ,$39.58 ,$44.44 ,$50.64 ,$54.45 ,$191.55 ,$191.55 ,$22.02 ,$191.55 ,$69.25 ,$103.35 ,$81.54 ,$91.91 ,$28.56 ,$81.54 ,$91.91 
93,$32.19 ,$34.10 ,$36.19 ,$40.22 ,$44.97 ,$51.17 ,$55.00 ,$193.43 ,$193.43 ,$22.58 ,$193.43 ,$70.10 ,$105.40 ,$82.19 ,$92.54 ,$29.11 ,$82.19 ,$92.54 
94,$32.95 ,$34.78 ,$36.82 ,$40.74 ,$45.51 ,$51.72 ,$55.58 ,$195.25 ,$195.25 ,$23.14 ,$195.25 ,$70.10 ,$105.40 ,$82.82 ,$93.16 ,$29.68 ,$82.82 ,$93.16 
95,$33.72 ,$35.47 ,$37.57 ,$41.39 ,$46.03 ,$52.26 ,$56.15 ,$197.13 ,$197.13 ,$23.70 ,$197.13 ,$70.85 ,$107.55 ,$83.51 ,$93.77 ,$30.25 ,$83.51 ,$93.77 
96,$34.48 ,$36.15 ,$38.33 ,$42.02 ,$46.59 ,$52.79 ,$56.71 ,$198.94 ,$198.94 ,$24.25 ,$198.94 ,$70.85 ,$107.55 ,$84.22 ,$94.41 ,$30.82 ,$84.22 ,$94.41 
97,$35.27 ,$36.83 ,$38.97 ,$42.67 ,$47.13 ,$53.34 ,$57.30 ,$200.84 ,$200.84 ,$24.81 ,$200.84 ,$71.60 ,$109.70 ,$84.93 ,$95.03 ,$31.38 ,$84.93 ,$95.03 
98,$36.06 ,$37.43 ,$39.72 ,$43.19 ,$47.67 ,$53.88 ,$57.85 ,$202.63 ,$202.63 ,$25.37 ,$202.63 ,$71.60 ,$109.70 ,$85.64 ,$95.67 ,$31.95 ,$85.64 ,$95.67 
99,$36.86 ,$38.03 ,$40.48 ,$43.73 ,$48.21 ,$54.42 ,$58.44 ,$204.53 ,$204.53 ,$25.92 ,$204.53 ,$72.30 ,$111.80 ,$86.28 ,$96.31 ,$32.50 ,$86.28 ,$96.31 
100,$37.55 ,$38.65 ,$41.23 ,$44.38 ,$48.74 ,$54.97 ,$59.01 ,$206.43 ,$206.43 ,$26.50 ,$206.43 ,$72.30 ,$111.80 ,$86.90 ,$96.91 ,$33.07 ,$86.90 ,$96.91 
101,$38.20 ,$39.26 ,$41.98 ,$45.01 ,$49.28 ,$55.51 ,$59.56 ,$208.32 ,$208.32 ,$27.05 ,$208.32 ,$76.10 ,$117.30 ,$87.55 ,$97.56 ,$33.63 ,$87.55 ,$97.56 
102,$38.59 ,$39.87 ,$42.49 ,$45.61 ,$49.81 ,$56.05 ,$60.13 ,$210.24 ,$210.24 ,$27.61 ,$210.24 ,$76.10 ,$117.30 ,$88.17 ,$98.16 ,$34.21 ,$88.17 ,$98.16 
103,$39.25 ,$40.50 ,$43.02 ,$46.10 ,$50.33 ,$56.60 ,$60.67 ,$212.13 ,$212.13 ,$28.17 ,$212.13 ,$76.10 ,$117.30 ,$88.87 ,$98.80 ,$34.77 ,$88.87 ,$98.80 
104,$39.88 ,$41.11 ,$43.55 ,$46.59 ,$50.85 ,$57.13 ,$61.24 ,$214.15 ,$214.15 ,$28.73 ,$214.15 ,$76.10 ,$117.30 ,$89.58 ,$99.41 ,$35.34 ,$89.58 ,$99.41 
105,$40.54 ,$41.75 ,$44.07 ,$47.10 ,$51.36 ,$57.68 ,$61.77 ,$216.05 ,$216.05 ,$29.28 ,$216.05 ,$76.10 ,$117.30 ,$90.28 ,$100.05 ,$35.89 ,$90.28 ,$100.05 
106,$41.21 ,$42.38 ,$44.60 ,$47.59 ,$51.88 ,$58.21 ,$62.34 ,$218.04 ,$218.04 ,$29.85 ,$218.04 ,$78.90 ,$122.70 ,$90.94 ,$100.67 ,$36.46 ,$90.94 ,$100.67 
107,$41.89 ,$43.03 ,$45.13 ,$48.10 ,$52.40 ,$58.75 ,$62.90 ,$220.06 ,$220.06 ,$30.40 ,$220.06 ,$78.90 ,$122.70 ,$91.56 ,$101.29 ,$37.02 ,$91.56 ,$101.29 
108,$42.57 ,$43.66 ,$45.66 ,$48.60 ,$52.92 ,$59.29 ,$63.45 ,$222.07 ,$222.07 ,$30.97 ,$222.07 ,$78.90 ,$122.70 ,$92.20 ,$101.91 ,$37.59 ,$92.20 ,$101.91 
109,$43.23 ,$44.30 ,$46.18 ,$49.09 ,$53.43 ,$59.82 ,$64.01 ,$223.97 ,$223.97 ,$31.53 ,$223.97 ,$78.90 ,$122.70 ,$92.80 ,$102.53 ,$38.16 ,$92.80 ,$102.53 
110,$43.94 ,$44.96 ,$46.73 ,$49.59 ,$53.97 ,$60.37 ,$64.58 ,$225.86 ,$225.86 ,$32.09 ,$225.86 ,$78.90 ,$122.70 ,$93.54 ,$103.16 ,$38.73 ,$93.54 ,$103.16 
111,$44.42 ,$45.47 ,$47.27 ,$50.09 ,$54.48 ,$60.90 ,$65.12 ,$227.87 ,$227.87 ,$32.64 ,$227.87 ,$81.65 ,$128.10 ,$94.24 ,$103.77 ,$39.28 ,$94.24 ,$103.77 
112,$44.89 ,$45.98 ,$47.80 ,$50.60 ,$55.00 ,$61.45 ,$65.66 ,$229.89 ,$229.89 ,$33.19 ,$229.89 ,$81.65 ,$128.10 ,$94.94 ,$104.46 ,$39.85 ,$94.94 ,$104.46 
113,$45.37 ,$46.51 ,$48.35 ,$51.10 ,$55.52 ,$61.98 ,$66.20 ,$231.89 ,$231.89 ,$33.76 ,$231.89 ,$81.65 ,$128.10 ,$95.56 ,$105.18 ,$40.41 ,$95.56 ,$105.18 
114,$45.85 ,$47.04 ,$48.88 ,$51.61 ,$56.05 ,$62.51 ,$66.75 ,$233.90 ,$233.90 ,$34.31 ,$233.90 ,$81.65 ,$128.10 ,$96.22 ,$105.87 ,$40.98 ,$96.22 ,$105.87 
115,$46.35 ,$47.58 ,$49.44 ,$52.12 ,$56.57 ,$63.06 ,$67.30 ,$235.89 ,$235.89 ,$34.87 ,$235.89 ,$81.65 ,$128.10 ,$96.85 ,$106.55 ,$41.54 ,$96.85 ,$106.55 
116,$46.83 ,$48.10 ,$49.99 ,$52.64 ,$57.10 ,$63.59 ,$67.84 ,$237.81 ,$237.81 ,$35.43 ,$237.81 ,$84.10 ,$133.60 ,$97.49 ,$107.28 ,$42.12 ,$97.49 ,$107.28 
117,$47.30 ,$48.63 ,$50.52 ,$53.13 ,$57.61 ,$64.13 ,$68.40 ,$239.71 ,$239.71 ,$36.00 ,$239.71 ,$84.10 ,$133.60 ,$98.17 ,$107.97 ,$42.67 ,$98.17 ,$107.97 
118,$47.80 ,$49.17 ,$51.08 ,$53.64 ,$58.13 ,$64.67 ,$68.93 ,$241.62 ,$241.62 ,$36.55 ,$241.62 ,$84.10 ,$133.60 ,$98.89 ,$108.65 ,$43.24 ,$98.89 ,$108.65 
119,$48.29 ,$49.71 ,$51.63 ,$54.14 ,$58.66 ,$65.21 ,$69.48 ,$243.93 ,$243.93 ,$37.12 ,$243.93 ,$84.10 ,$133.60 ,$99.59 ,$109.28 ,$43.80 ,$99.59 ,$109.28 
120,$49.13 ,$50.24 ,$52.19 ,$54.66 ,$59.18 ,$65.74 ,$70.04 ,$245.94 ,$245.94 ,$37.67 ,$245.94 ,$84.10 ,$133.60 ,$100.28 ,$109.92 ,$44.37 ,$100.28 ,$109.92 
121,$49.76 ,$50.79 ,$52.74 ,$55.17 ,$59.72 ,$66.28 ,$70.58 ,$248.05 ,$248.05 ,$38.23 ,$248.05 ,$86.45 ,$139.00 ,$101.00 ,$110.53 ,$44.93 ,$101.00 ,$110.53 
122,$50.26 ,$51.32 ,$53.30 ,$55.68 ,$60.23 ,$66.81 ,$71.15 ,$250.16 ,$250.16 ,$38.79 ,$250.16 ,$86.45 ,$139.00 ,$101.72 ,$111.14 ,$45.51 ,$101.72 ,$111.14 
123,$50.77 ,$51.86 ,$53.87 ,$56.19 ,$60.77 ,$67.35 ,$71.70 ,$252.28 ,$252.28 ,$39.35 ,$252.28 ,$86.45 ,$139.00 ,$102.39 ,$111.78 ,$46.06 ,$102.39 ,$111.78 
124,$51.27 ,$52.42 ,$54.44 ,$56.72 ,$61.30 ,$67.89 ,$72.25 ,$254.40 ,$254.40 ,$39.90 ,$254.40 ,$86.45 ,$139.00 ,$103.10 ,$112.39 ,$46.63 ,$103.10 ,$112.39 
125,$51.77 ,$52.96 ,$55.00 ,$57.22 ,$61.82 ,$68.42 ,$72.80 ,$256.51 ,$256.51 ,$40.47 ,$256.51 ,$86.45 ,$139.00 ,$103.80 ,$113.04 ,$47.19 ,$103.80 ,$113.04 
126,$52.28 ,$53.51 ,$55.57 ,$57.75 ,$62.36 ,$68.96 ,$73.38 ,$258.61 ,$258.61 ,$41.03 ,$258.61 ,$88.65 ,$144.40 ,$104.53 ,$113.64 ,$47.76 ,$104.53 ,$113.64 
127,$52.78 ,$54.06 ,$56.14 ,$58.26 ,$62.89 ,$69.49 ,$73.92 ,$260.72 ,$260.72 ,$41.58 ,$260.72 ,$88.65 ,$144.40 ,$105.22 ,$114.29 ,$48.32 ,$105.22 ,$114.29 
128,$53.30 ,$54.63 ,$56.71 ,$58.78 ,$63.42 ,$70.02 ,$74.49 ,$262.84 ,$262.84 ,$42.15 ,$262.84 ,$88.65 ,$144.40 ,$105.94 ,$114.98 ,$48.89 ,$105.94 ,$114.98 
129,$53.80 ,$55.18 ,$57.29 ,$59.31 ,$63.95 ,$70.56 ,$75.04 ,$264.95 ,$264.95 ,$42.70 ,$264.95 ,$88.65 ,$144.40 ,$106.64 ,$115.65 ,$49.44 ,$106.64 ,$115.65 
130,$54.32 ,$55.73 ,$57.84 ,$59.81 ,$64.47 ,$71.10 ,$75.60 ,$267.06 ,$267.06 ,$43.26 ,$267.06 ,$88.65 ,$144.40 ,$107.34 ,$116.35 ,$50.02 ,$107.34 ,$116.35 
131,$54.84 ,$56.30 ,$58.44 ,$60.35 ,$65.01 ,$71.64 ,$76.15 ,$269.17 ,$269.17 ,$43.82 ,$269.17 ,$90.85 ,$150.40 ,$108.04 ,$117.07 ,$50.58 ,$108.04 ,$117.07 
132,$55.35 ,$56.86 ,$59.02 ,$60.86 ,$65.55 ,$72.17 ,$76.70 ,$271.28 ,$271.28 ,$44.38 ,$271.28 ,$90.85 ,$150.40 ,$108.76 ,$117.76 ,$51.15 ,$108.76 ,$117.76 
133,$55.87 ,$57.43 ,$59.60 ,$61.38 ,$66.07 ,$72.71 ,$77.26 ,$273.40 ,$273.40 ,$44.93 ,$273.40 ,$90.85 ,$150.40 ,$109.45 ,$118.45 ,$51.71 ,$109.45 ,$118.45 
134,$56.38 ,$57.99 ,$60.19 ,$61.92 ,$66.61 ,$73.24 ,$77.82 ,$275.51 ,$275.51 ,$45.51 ,$275.51 ,$90.85 ,$150.40 ,$110.15 ,$119.14 ,$52.28 ,$110.15 ,$119.14 
135,$56.90 ,$58.57 ,$60.77 ,$62.43 ,$67.14 ,$73.77 ,$78.37 ,$277.63 ,$277.63 ,$46.06 ,$277.63 ,$90.85 ,$150.40 ,$110.86 ,$119.77 ,$52.83 ,$110.86 ,$119.77 
136,$57.42 ,$59.12 ,$61.37 ,$62.95 ,$67.67 ,$74.31 ,$78.95 ,$279.73 ,$279.73 ,$46.62 ,$279.73 ,$93.05 ,$156.45 ,$111.59 ,$120.40 ,$53.41 ,$111.59 ,$120.40 
137,$57.94 ,$59.70 ,$61.95 ,$63.47 ,$68.21 ,$74.83 ,$79.51 ,$281.86 ,$281.86 ,$47.18 ,$281.86 ,$93.05 ,$156.45 ,$112.28 ,$121.03 ,$53.97 ,$112.28 ,$121.03 
138,$58.46 ,$60.27 ,$62.54 ,$64.01 ,$68.75 ,$75.37 ,$80.06 ,$283.98 ,$283.98 ,$47.74 ,$283.98 ,$93.05 ,$156.45 ,$113.00 ,$121.65 ,$54.54 ,$113.00 ,$121.65 
139,$58.98 ,$60.86 ,$63.13 ,$64.54 ,$69.28 ,$75.90 ,$80.61 ,$286.09 ,$286.09 ,$48.29 ,$286.09 ,$93.05 ,$156.45 ,$113.68 ,$122.25 ,$55.10 ,$113.68 ,$122.25 
140,$59.52 ,$61.45 ,$63.72 ,$65.07 ,$69.82 ,$76.44 ,$81.18 ,$288.08 ,$288.08 ,$48.86 ,$288.08 ,$93.05 ,$156.45 ,$114.38 ,$122.90 ,$55.67 ,$114.38 ,$122.90 
141,$60.04 ,$62.01 ,$64.33 ,$65.59 ,$70.36 ,$76.97 ,$81.74 ,$290.09 ,$290.09 ,$49.41 ,$290.09 ,$95.25 ,$162.45 ,$115.08 ,$123.50 ,$56.22 ,$115.08 ,$123.50 
142,$60.57 ,$62.60 ,$64.92 ,$66.12 ,$70.89 ,$77.50 ,$82.29 ,$292.13 ,$292.13 ,$49.96 ,$292.13 ,$95.25 ,$162.45 ,$115.80 ,$124.15 ,$56.78 ,$115.80 ,$124.15 
143,$61.11 ,$63.18 ,$65.53 ,$66.66 ,$71.43 ,$78.04 ,$82.85 ,$294.11 ,$294.11 ,$50.54 ,$294.11 ,$95.25 ,$162.45 ,$116.50 ,$124.77 ,$57.36 ,$116.50 ,$124.77 
144,$61.64 ,$63.76 ,$66.13 ,$67.18 ,$71.97 ,$78.57 ,$83.40 ,$296.13 ,$296.13 ,$51.09 ,$296.13 ,$95.25 ,$162.45 ,$117.21 ,$125.47 ,$57.92 ,$117.21 ,$125.47 
145,$62.17 ,$64.36 ,$66.74 ,$67.73 ,$72.51 ,$79.10 ,$83.96 ,$298.23 ,$298.23 ,$51.65 ,$298.23 ,$95.25 ,$162.45 ,$117.90 ,$126.16 ,$58.49 ,$117.90 ,$126.16 
146,$62.71 ,$64.94 ,$67.34 ,$68.25 ,$73.04 ,$79.63 ,$84.50 ,$300.35 ,$300.35 ,$52.21 ,$300.35 ,$97.40 ,$168.35 ,$118.60 ,$126.85 ,$59.05 ,$118.60 ,$126.85 
147,$63.24 ,$65.54 ,$67.96 ,$68.79 ,$73.59 ,$80.16 ,$85.08 ,$302.46 ,$302.46 ,$52.77 ,$302.46 ,$97.40 ,$168.35 ,$119.32 ,$127.55 ,$59.61 ,$119.32 ,$127.55 
148,$63.77 ,$66.12 ,$68.57 ,$69.33 ,$74.13 ,$80.70 ,$85.64 ,$304.57 ,$304.57 ,$53.32 ,$304.57 ,$97.40 ,$168.35 ,$120.04 ,$128.23 ,$60.17 ,$120.04 ,$128.23 
149,$64.31 ,$66.72 ,$69.18 ,$69.86 ,$74.66 ,$81.22 ,$86.19 ,$306.69 ,$306.69 ,$53.89 ,$306.69 ,$97.40 ,$168.35 ,$120.74 ,$128.94 ,$60.74 ,$120.74 ,$128.94 
150,$64.86 ,$67.33 ,$69.80 ,$70.40 ,$75.22 ,$81.76 ,$86.75 ,$308.80 ,$308.80 ,$54.44 ,$308.80 ,$97.40 ,$168.35 ,$121.44 ,$129.64 ,$61.31 ,$121.44 ,$129.64 


See the FedEx Service Guide for additional fee and surcharge information. ,,,,,,,,,,
